TimesH,Frame,8,48,86,171,371,385,408,439,458,519,617,1038
165.25,661.0,603.993,606.56,603.87,604.5840000000001,607.369,604.668,605.307,605.177,608.513,607.107,,
165.5,662.0,604.914,608.094,601.83,602.78,606.979,603.743,605.656,606.909,608.24,606.4730000000001,,
165.75,663.0,604.246,607.494,601.4630000000001,602.549,607.6669999999999,603.93,606.229,607.293,608.216,607.271,,
166.0,664.0,605.3969999999999,608.255,602.236,602.566,607.099,603.518,606.455,607.785,608.7819999999999,607.184,,
166.25,665.0,605.118,607.498,602.529,602.58,608.295,603.9069999999999,606.494,607.865,609.804,608.528,,
166.5,666.0,606.665,609.169,602.48,603.526,608.8009999999999,603.543,607.523,608.341,610.117,609.599,,
166.75,667.0,607.2180000000001,610.477,603.055,604.107,611.116,604.299,608.7,610.477,612.503,610.674,,
167.0,668.0,608.58,612.576,603.651,604.663,611.7130000000001,605.03,610.336,610.703,615.0930000000001,612.779,,
167.25,669.0,610.231,613.803,603.185,604.679,613.592,605.8969999999999,611.169,611.794,617.087,,,
167.5,670.0,611.359,613.0930000000001,604.885,605.446,614.803,606.273,611.1619999999999,613.661,619.165,,616.034,
167.75,671.0,613.511,615.557,604.16,606.5740000000001,613.809,607.339,612.174,612.94,620.182,618.486,617.345,
168.0,672.0,613.903,615.726,604.755,606.778,616.378,607.248,611.734,613.396,622.314,618.562,618.499,
168.25,673.0,613.894,615.901,604.613,607.993,616.445,606.933,611.817,613.125,621.396,620.447,619.408,
168.5,674.0,615.357,617.186,605.12,610.163,616.78,607.2959999999999,612.948,615.0319999999999,622.002,620.505,619.816,
168.75,675.0,615.2819999999999,617.179,605.2819999999999,609.857,616.753,607.391,613.131,615.255,624.073,620.735,619.888,
169.0,676.0,615.952,617.357,606.169,610.536,616.814,606.96,612.627,615.005,624.049,621.381,619.363,
169.25,677.0,616.097,618.544,606.395,610.4780000000001,616.27,607.827,613.747,614.174,622.1519999999999,,618.786,
169.5,678.0,616.318,617.8,606.1669999999999,610.1659999999999,615.639,606.886,613.003,614.634,622.939,623.644,619.141,
169.75,679.0,615.563,618.785,605.595,610.206,616.381,607.462,612.182,614.854,622.591,622.201,617.812,
170.0,680.0,614.448,617.595,605.898,610.215,615.836,606.873,611.6419999999999,614.431,622.447,620.771,618.3919999999999,
170.25,681.0,615.197,618.689,606.684,610.224,615.867,607.613,612.734,614.311,622.439,620.181,618.174,
170.5,682.0,615.3330000000001,616.75,606.96,610.784,615.501,607.5169999999999,611.281,614.169,620.9119999999999,619.096,617.9730000000001,
170.75,683.0,615.125,617.007,606.6659999999999,610.6,616.118,606.511,611.687,613.8009999999999,621.217,619.254,617.964,
171.0,684.0,616.511,617.457,606.289,611.234,614.9169999999999,605.832,612.351,613.126,621.164,618.8430000000001,617.2959999999999,
171.25,685.0,614.845,616.534,607.183,610.35,614.682,607.41,610.945,613.062,620.89,617.9590000000001,617.83,
171.5,686.0,615.88,616.75,606.192,609.716,613.967,607.023,611.547,612.576,620.87,618.22,616.771,
171.75,687.0,615.85,616.682,606.156,609.67,613.883,607.016,611.383,611.771,619.813,617.944,617.432,
172.0,688.0,615.565,616.686,606.238,610.7669999999999,614.783,607.263,610.604,611.303,619.07,617.252,617.224,
172.25,689.0,614.658,616.906,606.137,610.24,614.059,606.641,610.549,612.163,619.424,617.065,615.97,
172.5,690.0,615.136,616.092,605.923,609.821,613.613,606.572,609.18,611.658,619.0369999999999,617.817,615.453,
172.75,691.0,613.9209999999999,615.303,606.63,609.592,612.7330000000001,605.785,610.254,611.7669999999999,618.5269999999999,617.004,615.928,
173.0,692.0,614.058,615.239,606.446,609.809,614.021,606.404,610.133,610.985,618.663,616.558,616.1469999999999,
173.25,693.0,613.693,615.606,607.013,609.391,613.11,606.191,609.826,611.442,616.765,616.256,615.651,
173.5,694.0,613.687,614.539,606.888,609.7919999999999,611.875,606.271,609.534,610.273,617.331,616.247,615.359,
173.75,695.0,612.8580000000001,615.379,606.956,609.876,611.8480000000001,605.962,609.599,610.377,616.673,614.6419999999999,615.2080000000001,
174.0,696.0,613.214,615.4540000000001,605.893,608.988,611.946,606.0419999999999,609.419,610.455,616.231,616.406,615.504,
174.25,697.0,612.82,613.996,606.31,608.862,610.1469999999999,605.952,608.933,609.924,616.177,615.633,614.999,
174.5,698.0,611.474,614.263,606.6669999999999,609.523,610.576,606.21,608.273,610.6469999999999,615.184,615.595,614.995,
174.75,699.0,613.063,613.377,606.2869999999999,608.501,611.414,604.571,607.283,610.736,615.665,,614.413,
175.0,700.0,612.2,613.269,606.507,608.7040000000001,610.615,605.001,608.062,609.371,614.173,,612.94,
175.25,701.0,611.919,613.919,606.413,608.172,610.3430000000001,605.08,607.842,609.378,614.1080000000001,,612.971,
175.5,702.0,611.586,613.659,605.328,608.477,609.656,604.8009999999999,607.526,609.616,613.4630000000001,,613.31,
175.75,703.0,611.31,612.674,605.686,608.455,609.766,604.874,608.405,608.786,614.026,,612.438,
176.0,704.0,610.3340000000001,612.457,606.085,607.621,609.047,605.2719999999999,606.8969999999999,608.664,612.766,613.195,612.115,
176.25,705.0,610.558,611.33,605.69,607.073,608.643,604.475,607.442,607.327,613.31,612.489,611.6080000000001,
176.5,706.0,610.3430000000001,611.783,605.433,607.619,608.6759999999999,604.214,606.826,607.855,612.516,612.734,611.067,
176.75,707.0,609.638,611.7040000000001,605.487,608.065,608.9730000000001,604.029,606.498,608.156,611.923,611.8290000000001,611.656,
177.0,708.0,609.823,610.622,604.518,607.115,607.955,604.435,605.891,607.615,611.9019999999999,611.188,611.4209999999999,
177.25,709.0,609.591,609.8580000000001,605.355,606.503,607.9490000000001,604.183,606.496,607.153,611.67,610.276,611.016,
177.5,710.0,608.931,609.7080000000001,604.635,606.966,607.731,604.508,605.307,606.249,610.56,610.419,609.854,
177.75,711.0,608.755,610.179,605.036,606.1569999999999,607.411,603.975,606.197,606.6709999999999,610.32,610.033,609.123,
178.0,712.0,608.883,609.982,605.469,606.594,607.567,603.341,604.451,606.3380000000001,610.408,609.594,609.576,
178.25,713.0,607.893,609.118,604.684,605.776,606.374,603.9490000000001,605.165,606.862,609.918,609.56,608.83,
178.5,714.0,607.9209999999999,608.922,604.535,606.577,606.712,603.567,604.538,605.845,609.898,609.1419999999999,608.489,
178.75,715.0,607.4580000000001,608.487,604.645,606.519,607.113,603.48,604.36,605.475,609.403,609.294,609.205,
179.0,716.0,607.21,608.4580000000001,604.756,606.295,606.4169999999999,603.775,604.288,605.394,609.247,607.981,608.097,
179.25,717.0,607.5459999999999,608.01,604.325,606.129,605.879,603.883,604.023,605.682,608.951,608.528,607.448,
179.5,718.0,607.812,607.578,603.688,605.6,605.9580000000001,604.159,604.885,605.462,608.31,608.315,607.5269999999999,
179.75,719.0,606.161,606.72,603.915,605.8340000000001,606.4730000000001,604.101,604.946,604.971,607.565,608.32,607.995,
180.0,720.0,606.9680000000001,607.538,604.226,605.299,606.317,603.512,604.27,604.831,607.99,607.168,606.806,
180.25,721.0,606.481,606.847,603.1669999999999,604.7330000000001,605.4209999999999,603.591,604.428,604.9490000000001,607.804,607.849,606.56,
180.5,722.0,605.84,606.6669999999999,604.271,604.263,605.3430000000001,603.168,603.398,603.612,607.161,607.985,607.435,604.502
180.75,723.0,605.7819999999999,606.069,603.594,604.821,605.5419999999999,603.661,604.186,604.639,607.466,606.982,606.189,603.764
181.0,724.0,605.668,605.6990000000001,603.477,604.995,605.362,602.769,603.306,605.08,606.111,607.247,606.953,604.42
181.25,725.0,606.34,605.631,603.22,605.683,605.61,603.717,603.534,604.422,606.359,608.014,606.4,603.508
181.5,726.0,605.789,605.941,603.46,604.715,605.273,603.776,603.799,605.131,606.623,605.7180000000001,606.126,603.534
181.75,727.0,606.372,605.2719999999999,602.61,604.354,605.389,602.56,604.383,603.9069999999999,606.077,607.686,605.408,603.511
182.0,728.0,605.75,605.998,602.944,605.023,604.8290000000001,603.1419999999999,602.6469999999999,603.783,606.356,605.511,605.26,603.663
182.25,729.0,604.403,604.937,602.462,604.18,605.8530000000001,602.786,603.621,604.476,605.521,606.512,606.156,603.982
182.5,730.0,605.578,604.803,602.604,605.0269999999999,604.643,603.621,603.244,603.685,606.8480000000001,606.456,605.308,603.32
182.75,731.0,604.953,604.206,602.364,604.225,605.558,603.323,602.586,604.335,605.86,606.695,605.859,603.1
183.0,732.0,605.7869999999999,604.197,602.752,605.05,604.825,604.217,603.121,604.135,605.469,606.8580000000001,605.445,603.518
183.25,733.0,605.0219999999999,603.932,602.617,603.925,604.67,603.712,603.255,604.382,605.56,606.29,606.127,603.613
183.5,734.0,604.793,604.854,602.953,604.408,604.783,603.785,602.922,604.206,605.993,606.529,605.731,604.303
183.75,735.0,605.181,604.117,602.331,604.153,604.776,603.602,603.496,603.589,606.2040000000001,606.715,605.788,603.062
184.0,736.0,605.035,603.803,602.87,603.887,605.097,603.279,602.528,603.808,606.059,606.486,604.945,603.117
184.25,737.0,605.15,603.673,602.65,604.5930000000001,604.753,602.758,603.35,603.804,604.895,606.595,605.255,603.689
184.5,738.0,604.744,604.361,602.626,603.842,604.487,603.302,603.065,603.376,605.893,605.895,605.368,603.299
184.75,739.0,604.499,604.365,602.465,604.047,605.03,603.42,603.653,603.307,605.78,605.9019999999999,605.226,603.618
185.0,740.0,604.898,604.026,603.009,603.854,604.899,603.077,602.9540000000001,603.742,605.7130000000001,606.715,603.821,602.815
185.25,741.0,603.999,604.049,601.8009999999999,604.628,605.221,602.869,602.637,604.006,605.248,605.573,604.896,603.552
185.5,742.0,605.136,604.506,602.31,604.168,605.372,603.557,603.137,603.4169999999999,604.764,605.716,605.0980000000001,602.661
185.75,743.0,605.294,604.605,603.029,603.9540000000001,605.163,603.601,602.9830000000001,603.226,605.311,605.628,605.03,603.987
186.0,744.0,604.086,604.7130000000001,602.554,604.47,605.7769999999999,603.052,602.28,604.137,606.357,606.268,605.962,603.675
186.25,745.0,604.596,604.4630000000001,602.231,603.67,605.654,603.0880000000001,602.7669999999999,604.506,605.095,606.726,605.05,603.6519999999999
186.5,746.0,605.129,604.499,601.359,603.654,604.938,603.076,603.227,603.114,605.576,606.66,605.9780000000001,603.201
186.75,747.0,604.641,605.639,603.0,604.063,604.935,603.336,602.7280000000001,603.234,606.18,606.633,605.0880000000001,603.226
187.0,748.0,604.589,603.649,602.862,603.731,604.257,602.589,602.961,603.732,605.399,606.779,605.195,603.1659999999999
187.25,749.0,604.773,604.248,602.158,604.285,604.6709999999999,602.529,603.0980000000001,603.12,605.909,606.431,605.372,604.332
187.5,750.0,604.94,604.486,602.645,603.198,605.13,603.227,602.644,604.159,606.28,607.097,605.354,603.559
187.75,751.0,605.337,603.135,602.273,604.881,604.229,602.863,602.678,604.244,605.614,606.347,605.5840000000001,603.215
188.0,752.0,604.35,604.313,603.186,604.377,605.126,603.09,603.2090000000001,603.929,606.487,606.379,606.794,603.623
188.25,753.0,604.544,605.62,602.235,604.495,605.83,602.793,603.245,603.431,606.139,606.524,605.947,604.149
188.5,754.0,604.2919999999999,605.362,602.4780000000001,603.991,605.802,603.28,602.841,604.33,605.819,606.3,605.765,602.938
188.75,755.0,604.569,604.2330000000001,602.28,603.995,604.58,602.9580000000001,603.315,604.0369999999999,605.805,606.822,606.2909999999999,604.121
189.0,756.0,605.25,604.822,602.936,604.381,605.0319999999999,602.578,603.376,604.178,606.41,606.309,605.8009999999999,603.795
189.25,757.0,604.924,604.626,602.995,603.528,605.225,603.023,603.065,603.852,605.594,606.747,606.62,603.515
189.5,758.0,603.993,604.307,602.3330000000001,604.396,605.336,602.288,603.0509999999999,604.221,606.769,606.845,606.374,603.513
189.75,759.0,604.377,604.79,603.013,604.715,605.719,602.51,603.83,603.71,606.889,606.251,606.784,603.399
190.0,760.0,604.21,605.255,602.679,604.215,605.566,602.878,603.344,604.874,606.235,606.763,606.589,603.368
190.25,761.0,604.068,604.81,602.804,604.237,605.54,603.067,603.268,604.078,607.47,606.638,607.04,603.9780000000001
190.5,762.0,604.931,604.745,602.859,604.352,606.2719999999999,603.442,603.535,604.231,606.7090000000001,606.1990000000001,607.271,604.23
190.75,763.0,604.597,605.769,602.943,605.156,605.2230000000001,602.085,603.134,604.37,606.317,606.842,606.732,603.9780000000001
191.0,764.0,604.543,605.4580000000001,602.241,604.266,605.135,602.979,603.674,604.0880000000001,606.507,606.7819999999999,606.651,603.299
191.25,765.0,604.895,605.604,602.17,604.76,605.83,603.472,603.69,604.936,607.596,607.405,606.754,603.072
191.5,766.0,604.413,605.83,602.859,604.1669999999999,605.121,602.427,602.743,604.899,606.612,606.436,606.79,604.472
191.75,767.0,605.058,605.23,603.2280000000001,604.903,605.405,602.185,603.617,604.641,606.6419999999999,607.299,606.943,603.965
192.0,768.0,604.663,604.986,603.868,604.11,605.435,602.284,602.82,605.1659999999999,607.6709999999999,607.18,606.0930000000001,603.5409999999999
192.25,769.0,605.288,605.798,602.399,604.375,605.429,602.273,603.648,604.722,606.87,606.888,607.24,603.804
192.5,770.0,605.0459999999999,605.393,602.6990000000001,604.461,605.867,603.524,604.065,603.7869999999999,607.595,606.697,607.146,602.9630000000001
192.75,771.0,603.987,605.249,602.754,605.131,605.65,602.59,603.7819999999999,604.307,607.6709999999999,606.885,606.997,603.4209999999999
193.0,772.0,606.127,605.1519999999999,603.295,604.962,605.2669999999999,602.732,603.87,605.2919999999999,607.192,606.645,607.698,603.8480000000001
193.25,773.0,604.591,605.9159999999999,603.094,604.325,605.1569999999999,602.309,603.695,604.651,607.465,606.72,607.323,603.6619999999999
193.5,774.0,604.263,605.29,603.2330000000001,605.201,605.32,602.814,604.982,604.493,607.368,607.066,607.0790000000001,603.8330000000001
193.75,775.0,604.42,606.136,603.475,605.021,604.864,602.154,604.071,605.1419999999999,607.6469999999999,606.5830000000001,606.6469999999999,604.408
194.0,776.0,605.06,606.024,602.766,604.911,604.9580000000001,602.643,604.0740000000001,604.191,607.32,607.149,606.752,604.2719999999999
194.25,777.0,604.31,605.786,602.656,605.461,605.379,602.341,604.275,604.819,608.0,606.79,607.841,603.994
194.5,778.0,604.763,606.194,602.857,605.217,605.0219999999999,602.398,603.815,604.484,607.528,607.349,607.357,604.247
194.75,779.0,604.354,606.492,603.133,604.363,604.234,603.507,603.793,605.003,607.524,607.188,606.363,603.485
195.0,780.0,605.0219999999999,606.568,603.318,604.862,604.628,602.009,604.201,604.314,607.201,607.131,607.712,603.501
195.25,781.0,605.248,607.003,602.9159999999999,605.237,605.326,602.339,604.158,604.548,607.2909999999999,606.06,607.286,604.633
195.5,782.0,605.597,606.697,603.2280000000001,605.189,605.149,602.305,603.951,604.689,607.189,606.555,607.71,604.126
195.75,783.0,604.66,607.214,603.254,604.366,604.779,602.81,603.857,604.757,607.053,605.673,606.77,603.485
196.0,784.0,605.377,606.097,602.674,605.021,604.419,603.205,604.19,604.365,606.891,607.256,607.097,604.04
196.25,785.0,605.201,605.499,603.288,604.143,604.236,602.72,604.002,604.347,607.01,606.661,607.188,603.472
196.5,786.0,605.559,605.764,603.566,604.8290000000001,604.3580000000001,602.434,603.899,604.039,607.249,606.52,607.611,603.589
196.75,787.0,604.643,606.623,602.964,605.2669999999999,604.238,602.891,604.193,604.7719999999999,607.165,606.4590000000001,607.227,603.819
197.0,788.0,604.394,605.89,602.769,604.879,605.186,602.362,604.678,604.174,607.131,605.687,606.462,603.404
197.25,789.0,605.247,606.15,603.3340000000001,604.684,604.04,603.0840000000001,603.226,604.562,606.5509999999999,606.0319999999999,607.351,603.276
197.5,790.0,605.059,605.819,603.2130000000001,604.711,605.2769999999999,602.335,604.056,604.49,607.04,605.656,606.845,603.5509999999999
197.75,791.0,604.202,605.512,603.16,605.021,604.444,602.308,603.911,604.39,606.151,606.071,606.5880000000001,603.9730000000001
198.0,792.0,604.249,605.786,603.058,605.38,604.856,602.503,603.761,604.606,606.067,605.556,606.857,603.307
198.25,793.0,605.143,605.453,602.6990000000001,604.545,604.286,603.025,603.633,604.158,606.707,606.534,606.554,603.309
198.5,794.0,604.742,606.298,602.569,604.048,604.762,601.904,603.408,604.44,606.821,606.163,606.862,604.05
198.75,795.0,603.849,605.905,603.066,604.846,603.9630000000001,602.927,604.1030000000001,604.745,606.405,604.8,606.929,603.68
199.0,796.0,604.33,605.644,603.383,603.823,603.703,601.663,604.318,603.942,606.247,605.7180000000001,605.894,
199.25,797.0,604.646,605.867,602.934,604.582,604.373,602.476,603.297,604.367,606.45,604.626,606.346,602.896
199.5,798.0,604.575,605.19,602.745,604.025,604.337,602.393,602.8919999999999,604.312,605.883,605.981,605.804,603.354
199.75,799.0,604.957,605.688,602.4540000000001,603.531,603.813,603.04,603.925,603.759,606.073,605.514,606.285,603.434
200.0,800.0,603.989,605.06,602.035,604.0880000000001,604.299,602.46,603.977,603.896,606.552,605.732,606.148,602.81
200.25,801.0,604.414,605.616,602.519,603.013,603.765,602.611,604.0880000000001,603.698,606.214,605.538,606.378,603.396
200.5,802.0,604.784,605.722,602.98,603.854,603.769,603.029,603.262,603.766,606.9169999999999,605.529,606.087,603.4209999999999
200.75,803.0,603.997,604.88,602.264,603.488,603.558,602.431,602.7669999999999,603.677,606.004,604.66,605.313,601.622
201.0,804.0,604.106,604.85,602.789,603.846,603.651,602.628,603.082,603.871,606.325,604.229,605.1080000000001,603.0369999999999
201.25,805.0,604.173,604.064,602.594,603.42,604.485,602.095,603.263,602.9,605.919,604.4069999999999,604.901,602.401
201.5,806.0,604.107,604.89,602.759,604.257,603.005,602.375,603.049,603.597,606.128,604.345,604.496,
201.75,807.0,604.354,605.056,602.462,603.452,602.7819999999999,602.626,602.2130000000001,603.443,606.031,604.376,605.424,
202.0,808.0,603.351,604.612,602.359,603.92,603.029,601.741,603.423,603.842,605.939,605.065,605.1619999999999,
202.25,809.0,603.825,603.81,601.971,603.881,603.352,602.419,603.581,603.012,606.27,605.4780000000001,605.03,
202.5,810.0,603.327,604.555,602.479,603.224,603.151,602.69,602.605,602.884,605.556,604.9169999999999,604.952,
202.75,811.0,603.3,603.265,602.566,603.758,603.2919999999999,602.7040000000001,602.4680000000001,602.805,605.06,604.2,605.086,
203.0,812.0,604.262,604.0930000000001,601.74,603.625,603.648,602.112,602.757,602.804,605.21,604.4590000000001,604.85,602.5
203.25,813.0,603.535,603.636,602.357,603.594,602.899,602.399,603.164,602.475,605.693,604.16,604.74,602.893
203.5,814.0,603.303,604.034,602.128,604.049,602.877,602.025,602.7180000000001,603.058,604.7919999999999,605.151,604.298,602.229
203.75,815.0,602.419,604.189,603.0409999999999,602.516,603.461,602.4580000000001,602.504,602.715,605.5459999999999,605.453,604.7180000000001,603.054
204.0,816.0,603.97,604.207,601.821,603.6569999999999,603.774,602.145,602.826,604.0169999999999,606.1659999999999,605.007,604.691,602.7330000000001
204.25,817.0,602.769,603.646,601.809,603.059,603.006,603.315,602.779,602.714,604.605,605.567,604.366,602.945
204.5,818.0,602.707,603.186,602.065,603.094,603.562,603.129,602.56,602.031,605.406,604.705,604.007,602.589
204.75,819.0,603.286,603.016,601.817,603.4259999999999,603.612,602.86,602.316,602.684,604.911,604.784,604.9630000000001,602.485
205.0,820.0,603.1669999999999,603.419,602.4780000000001,602.646,603.6469999999999,603.048,603.0219999999999,602.422,604.283,605.248,604.5840000000001,602.447
205.25,821.0,603.378,603.263,602.805,602.721,602.756,603.74,602.643,602.474,604.663,604.056,603.669,601.974
205.5,822.0,603.322,602.502,602.219,602.813,602.674,602.605,603.021,602.8330000000001,604.748,604.071,604.587,603.321
205.75,823.0,603.091,603.234,601.168,602.974,603.71,602.789,602.2330000000001,602.494,604.696,605.007,604.502,602.795
206.0,824.0,602.076,603.481,602.21,602.789,603.14,603.335,602.555,601.5740000000001,604.506,605.389,603.677,602.876
206.25,825.0,602.612,602.944,602.8240000000001,602.899,602.899,603.013,602.572,602.36,604.6569999999999,604.964,603.974,
206.5,826.0,603.2769999999999,602.484,601.888,603.308,603.251,603.0980000000001,602.08,602.54,604.461,604.81,603.8919999999999,
206.75,827.0,603.107,603.498,602.1759999999999,602.969,603.8919999999999,602.889,602.2230000000001,602.2819999999999,604.461,605.716,603.61,
207.0,828.0,603.259,603.2909999999999,601.908,603.183,603.495,603.3480000000001,602.533,602.594,605.236,604.996,604.092,603.187
207.25,829.0,602.925,603.256,602.396,603.312,603.497,603.006,602.246,602.247,605.0880000000001,604.605,603.4,602.534
207.5,830.0,602.395,602.721,601.804,603.216,603.413,603.443,602.146,602.981,604.943,604.918,603.743,
207.75,831.0,602.9830000000001,602.876,601.939,602.71,603.79,602.557,602.431,602.175,604.773,604.9580000000001,604.224,602.089
208.0,832.0,603.217,603.2,602.014,602.795,603.661,602.4590000000001,601.7180000000001,603.156,605.222,605.732,603.689,601.424
208.25,833.0,603.207,603.06,601.707,602.8,603.486,602.835,602.648,602.064,604.831,604.947,604.23,602.3580000000001
208.5,834.0,603.557,602.986,601.448,603.4830000000001,603.885,603.2869999999999,602.578,601.99,604.3290000000001,605.11,605.196,601.696
208.75,835.0,602.523,603.471,601.821,602.742,603.227,603.14,601.806,602.004,604.5169999999999,606.1419999999999,603.4590000000001,602.794
209.0,836.0,602.55,603.076,602.09,602.644,604.058,602.974,602.5459999999999,601.962,603.9119999999999,605.263,604.347,602.149
209.25,837.0,602.531,603.462,602.227,602.507,603.987,603.639,602.271,602.8430000000001,604.769,605.9590000000001,604.717,601.8530000000001
209.5,838.0,603.672,602.4780000000001,601.37,602.7330000000001,604.461,602.901,602.707,602.939,604.36,605.315,604.0169999999999,602.128
209.75,839.0,602.9159999999999,603.201,602.655,603.078,604.014,603.789,602.7,602.807,604.06,605.322,605.304,602.303
210.0,840.0,603.903,605.189,602.131,602.65,603.93,602.644,602.974,602.22,604.659,605.668,604.763,601.205
210.25,841.0,603.299,603.491,601.566,602.557,604.243,602.884,602.3290000000001,602.638,604.656,604.763,604.4019999999999,602.4780000000001
210.5,842.0,602.814,603.013,601.414,603.0169999999999,603.34,603.239,602.616,603.1080000000001,604.109,605.317,603.8009999999999,601.803
210.75,843.0,603.3919999999999,603.129,601.871,602.761,603.405,603.175,601.979,602.48,604.86,605.698,603.765,602.23
211.0,844.0,602.79,603.499,601.372,603.3240000000001,603.606,603.014,602.8009999999999,602.1619999999999,604.302,605.315,604.3240000000001,602.567
211.25,845.0,603.344,602.681,601.536,603.127,604.136,602.6519999999999,602.231,601.908,604.789,605.369,604.752,602.359
211.5,846.0,603.02,603.754,601.4259999999999,603.188,603.446,602.377,602.81,601.76,604.7230000000001,605.867,604.624,602.945
211.75,847.0,603.095,603.863,601.625,603.386,603.506,603.745,602.8580000000001,602.4630000000001,604.71,605.535,605.0419999999999,602.835
212.0,848.0,603.612,604.6419999999999,602.64,603.6709999999999,604.304,602.677,602.4680000000001,602.851,603.633,604.811,604.655,602.25
212.25,849.0,603.78,604.1569999999999,601.597,603.2230000000001,603.862,602.634,603.798,602.195,604.8380000000001,605.76,604.3530000000001,602.261
212.5,850.0,603.464,603.211,601.547,603.477,605.139,602.331,602.365,601.53,604.554,605.332,605.5880000000001,602.8480000000001
212.75,851.0,602.664,603.739,602.681,603.498,604.6519999999999,602.695,602.503,602.751,604.7040000000001,605.445,604.63,602.342
213.0,852.0,604.003,604.0509999999999,601.655,603.764,604.075,602.623,602.794,602.179,604.094,605.191,604.929,602.479
213.25,853.0,604.217,603.244,602.636,603.528,604.137,602.7130000000001,602.755,603.03,604.2819999999999,605.839,605.076,602.035
213.5,854.0,603.765,603.979,602.33,603.538,604.144,601.841,602.126,602.242,604.918,604.311,605.712,602.366
213.75,855.0,604.207,603.72,602.298,602.946,604.082,602.675,602.634,602.9680000000001,605.015,605.715,605.094,602.7719999999999
214.0,856.0,603.073,604.181,602.836,603.933,604.141,602.65,602.513,603.061,604.763,605.259,605.081,602.566
214.25,857.0,603.576,604.321,602.448,604.259,604.35,602.114,603.321,603.55,605.2040000000001,605.7230000000001,605.31,602.8290000000001
214.5,858.0,603.533,604.332,602.069,604.3290000000001,605.085,602.189,603.242,602.9259999999999,605.024,605.515,605.586,603.047
214.75,859.0,603.629,603.238,602.225,604.318,604.127,602.832,602.832,603.118,604.831,605.237,605.376,602.776
215.0,860.0,604.577,603.875,601.91,604.0790000000001,604.531,602.0790000000001,603.489,603.362,606.055,605.6669999999999,605.4830000000001,602.878
215.25,861.0,604.072,604.24,602.362,604.135,604.851,602.474,604.248,602.81,604.681,605.39,605.3330000000001,602.638
215.5,862.0,603.957,604.409,602.4019999999999,603.748,604.585,602.184,602.9490000000001,603.185,605.203,604.5459999999999,605.109,602.4780000000001
215.75,863.0,603.859,604.0830000000001,602.504,603.629,604.9730000000001,602.102,603.663,603.052,606.2919999999999,605.049,605.222,602.4019999999999
216.0,864.0,604.104,604.552,602.515,603.627,604.669,602.087,603.781,602.6619999999999,605.498,604.729,605.245,602.8430000000001
216.25,865.0,605.11,605.149,602.102,604.07,604.837,602.484,603.4169999999999,602.908,604.896,605.9259999999999,605.439,602.992
216.5,866.0,603.95,605.038,602.161,604.544,604.59,601.726,603.729,603.061,605.636,605.227,605.003,602.738
216.75,867.0,604.814,603.811,602.502,603.435,604.629,602.3,603.45,602.644,605.471,605.256,605.8580000000001,603.224
217.0,868.0,604.151,605.679,602.3969999999999,604.284,605.477,602.3380000000001,603.905,603.025,605.635,605.064,605.641,603.094
217.25,869.0,604.8290000000001,605.6469999999999,602.4169999999999,603.996,604.065,601.6709999999999,603.6759999999999,603.04,606.078,604.607,606.306,603.2669999999999
217.5,870.0,604.568,604.443,602.398,604.005,603.861,602.364,603.707,603.156,605.43,604.925,605.923,602.544
217.75,871.0,604.636,605.052,602.6469999999999,604.181,604.956,601.687,603.645,604.135,605.607,605.347,606.0790000000001,603.124
218.0,872.0,603.955,605.066,602.259,604.531,603.592,602.566,603.34,603.025,605.977,604.86,605.529,601.811
218.25,873.0,604.173,606.1759999999999,602.754,604.491,604.857,602.482,603.339,603.836,606.097,605.128,605.5219999999999,602.496
218.5,874.0,604.448,604.714,602.5369999999999,604.255,604.179,602.749,603.118,603.455,606.247,604.94,606.155,602.695
218.75,875.0,604.4209999999999,604.873,602.5,605.432,605.39,602.17,603.993,603.237,606.771,604.941,605.8,603.057
219.0,876.0,603.9580000000001,606.183,602.852,604.227,604.487,601.7130000000001,603.06,602.712,605.106,604.544,606.117,602.794
219.25,877.0,604.23,605.386,603.346,603.95,604.58,602.076,603.878,602.684,606.069,604.857,605.33,602.5319999999999
219.5,878.0,605.203,605.479,602.589,603.913,604.3969999999999,601.95,603.8009999999999,603.4119999999999,606.053,604.655,605.502,602.717
219.75,879.0,605.069,605.349,603.009,604.526,604.317,602.682,603.6759999999999,603.335,605.0459999999999,604.956,605.428,603.244
220.0,880.0,604.7669999999999,606.1519999999999,602.701,603.371,604.355,602.0369999999999,604.123,604.1759999999999,605.127,604.078,605.186,602.707
220.25,881.0,604.361,605.22,602.48,603.989,605.71,601.993,603.888,603.374,605.693,604.511,605.207,602.606
220.5,882.0,604.564,606.055,602.83,604.477,604.386,602.707,603.748,603.195,605.443,603.825,605.872,602.575
220.75,883.0,603.539,606.086,602.202,604.097,603.867,602.268,604.357,603.53,606.007,604.752,605.809,602.803
221.0,884.0,604.766,605.846,603.01,604.236,603.904,601.942,603.4730000000001,603.002,605.597,604.357,605.8480000000001,602.895
221.25,885.0,604.971,605.5830000000001,602.73,603.617,604.164,602.19,603.259,602.971,606.289,604.265,604.7719999999999,602.444
221.5,886.0,604.3530000000001,605.012,602.3009999999999,603.278,603.357,602.461,603.827,602.696,605.93,605.111,605.2180000000001,603.181
221.75,887.0,604.617,605.452,602.737,603.525,604.038,602.79,603.576,603.044,605.026,604.424,605.295,602.444
222.0,888.0,604.0419999999999,605.255,602.863,603.955,603.526,602.56,603.758,603.308,605.618,605.047,605.075,602.2959999999999
222.25,889.0,604.5219999999999,604.93,602.732,603.238,604.25,602.802,603.752,604.067,605.9259999999999,604.0980000000001,604.8340000000001,601.6569999999999
222.5,890.0,604.694,605.634,602.712,603.16,604.582,602.645,603.528,603.395,605.43,603.903,604.101,602.236
222.75,891.0,604.524,605.035,602.813,602.4,604.118,601.531,603.861,602.753,604.566,603.62,603.887,602.145
223.0,892.0,604.613,604.253,602.405,603.2090000000001,603.536,601.965,603.4,602.332,605.172,604.129,604.29,603.335
223.25,893.0,603.818,604.3580000000001,602.923,603.159,603.238,601.943,603.482,603.404,604.7090000000001,604.472,604.11,602.372
223.5,894.0,604.183,603.877,601.762,603.1659999999999,603.634,601.5930000000001,603.096,602.475,604.8330000000001,604.253,604.4680000000001,602.592
223.75,895.0,603.512,603.616,602.422,603.381,602.627,602.509,603.004,602.9780000000001,605.085,603.911,603.896,602.178
224.0,896.0,603.4780000000001,604.14,602.133,602.452,602.982,602.653,602.761,603.202,604.9590000000001,603.925,603.915,602.1519999999999
224.25,897.0,603.304,604.043,602.927,603.258,603.457,602.432,602.59,602.934,605.251,603.344,604.788,602.0880000000001
224.5,898.0,603.696,604.242,602.357,603.197,603.754,601.862,602.363,602.985,604.837,604.784,604.799,602.475
224.75,899.0,603.866,603.794,602.366,603.195,602.774,601.564,602.065,602.569,604.553,604.254,604.509,602.383
225.0,900.0,603.143,604.01,602.305,603.518,604.323,602.058,602.706,602.538,604.727,604.161,604.382,602.327
225.25,901.0,603.6080000000001,604.514,602.719,602.501,602.6,602.0740000000001,602.422,602.876,605.1569999999999,603.444,604.015,602.6659999999999
225.5,902.0,603.344,604.031,601.841,602.705,603.214,602.2719999999999,602.286,602.9259999999999,604.898,603.5459999999999,603.643,602.8919999999999
225.75,903.0,603.115,603.317,601.863,602.841,602.82,602.215,602.6759999999999,602.621,604.931,603.945,604.499,601.894
226.0,904.0,603.765,603.785,602.488,602.999,602.638,602.06,602.507,602.3580000000001,604.6619999999999,603.769,604.432,602.186
226.25,905.0,603.319,603.077,602.229,602.062,603.007,602.22,602.6469999999999,602.135,604.062,603.857,603.658,602.389
226.5,906.0,603.815,603.964,602.501,602.305,602.852,602.047,602.302,603.519,604.52,603.905,603.901,602.86
226.75,907.0,602.4259999999999,605.2080000000001,602.4169999999999,602.63,602.928,602.646,602.3009999999999,603.124,604.499,603.943,603.982,602.788
227.0,908.0,603.441,603.239,601.805,602.745,602.646,602.117,602.631,602.811,604.118,604.289,603.489,602.4540000000001
227.25,909.0,603.6569999999999,603.236,602.0319999999999,602.445,603.012,601.7959999999999,602.779,601.906,604.2909999999999,603.937,604.5,602.336
227.5,910.0,603.202,603.43,601.956,601.923,601.8290000000001,601.687,602.428,602.377,604.981,604.432,603.4590000000001,603.122
227.75,911.0,603.018,602.8530000000001,602.111,602.352,603.192,602.405,602.0269999999999,602.3240000000001,603.514,604.315,603.384,602.628
228.0,912.0,603.135,603.377,602.021,602.672,602.685,602.567,602.13,601.785,604.049,604.009,604.1419999999999,602.547
228.25,913.0,602.9209999999999,603.8380000000001,602.155,602.258,603.091,601.383,602.131,602.096,603.9630000000001,603.83,604.0,601.409
228.5,914.0,602.887,602.924,602.18,603.29,603.589,602.5169999999999,602.105,601.602,604.445,603.8430000000001,603.9830000000001,602.355
228.75,915.0,602.901,603.063,602.268,602.639,602.286,602.783,602.279,601.8340000000001,603.988,604.941,603.689,602.64
229.0,916.0,603.347,603.257,601.934,602.684,602.376,602.886,602.4680000000001,602.377,603.999,604.771,603.4259999999999,602.346
229.25,917.0,603.564,603.2869999999999,602.496,602.099,602.847,602.773,602.189,602.2130000000001,604.84,604.849,603.28,602.117
229.5,918.0,602.982,603.007,602.42,602.8,602.489,602.254,601.91,602.2040000000001,604.244,604.46,604.119,602.648
229.75,919.0,604.024,602.474,602.3480000000001,602.995,603.447,602.7769999999999,602.7959999999999,601.793,603.84,604.286,602.9209999999999,602.315
230.0,920.0,602.935,603.34,601.74,602.703,602.5790000000001,602.117,601.869,602.18,603.4780000000001,603.985,603.345,601.97
230.25,921.0,603.7080000000001,602.997,601.904,602.9780000000001,602.409,602.549,602.582,603.118,603.756,604.9580000000001,604.756,602.872
230.5,922.0,603.462,602.596,602.257,602.79,603.24,602.4680000000001,602.2080000000001,601.939,603.856,603.9019999999999,603.332,601.726
230.75,923.0,603.194,602.8009999999999,601.752,602.314,602.9209999999999,602.409,602.0459999999999,602.27,604.064,604.2,603.889,602.748
231.0,924.0,603.447,603.28,602.161,602.78,601.993,602.189,602.151,602.7330000000001,604.087,605.516,603.489,602.2280000000001
231.25,925.0,603.607,602.6659999999999,602.447,602.095,603.2330000000001,602.081,602.251,602.504,603.587,603.6659999999999,602.884,602.25
231.5,926.0,603.261,602.953,601.972,603.11,602.982,602.359,602.495,602.364,603.8330000000001,605.42,604.125,602.788
231.75,927.0,604.129,603.196,601.94,602.683,602.961,602.923,602.802,601.9580000000001,603.654,604.518,603.9019999999999,602.198
232.0,928.0,604.406,602.509,601.95,603.227,603.145,602.9159999999999,602.611,602.063,603.5409999999999,604.548,604.6030000000001,602.512
232.25,929.0,603.762,603.226,601.6990000000001,602.2,603.206,602.905,601.543,602.484,603.3969999999999,604.543,603.722,602.682
232.5,930.0,603.884,603.4159999999999,601.877,602.321,602.382,602.795,601.504,602.111,603.0269999999999,605.026,603.618,602.18
232.75,931.0,602.988,603.036,602.17,603.173,602.562,602.7230000000001,602.278,602.418,604.294,605.297,604.383,602.56
233.0,932.0,603.229,603.065,601.274,603.3919999999999,603.117,602.664,602.511,602.122,603.379,604.523,604.1080000000001,602.602
233.25,933.0,603.979,602.86,601.758,602.5740000000001,603.8430000000001,602.802,601.4590000000001,602.099,604.02,604.266,604.089,603.475
233.5,934.0,604.244,603.631,601.995,602.952,603.153,601.924,601.967,602.311,603.794,605.567,604.03,603.538
233.75,935.0,603.214,602.687,601.595,602.65,603.32,601.869,601.8430000000001,602.293,603.4830000000001,604.2819999999999,603.966,602.28
234.0,936.0,602.742,602.998,602.4019999999999,602.509,603.512,602.849,602.327,603.021,604.053,605.311,603.86,602.807
234.25,937.0,603.16,602.729,602.414,602.564,603.354,601.83,602.29,602.381,603.846,605.0790000000001,604.346,603.0419999999999
234.5,938.0,603.06,602.864,601.654,602.819,603.193,602.2130000000001,601.674,603.043,603.578,604.258,604.655,602.628
234.75,939.0,603.7040000000001,602.87,601.491,602.572,602.705,602.341,601.707,602.298,603.614,605.998,603.323,602.188
235.0,940.0,603.7769999999999,602.409,601.88,602.1419999999999,603.16,602.378,602.193,603.198,603.486,605.354,603.773,602.8580000000001
235.25,941.0,603.262,603.226,601.872,601.989,603.31,602.591,601.97,603.065,603.263,604.465,604.319,603.276
235.5,942.0,603.99,603.48,602.154,602.513,603.4,601.997,602.322,603.025,603.946,603.898,604.188,602.2959999999999
235.75,943.0,603.499,603.457,602.12,602.786,603.619,602.545,601.991,602.69,604.192,604.754,604.118,603.513
236.0,944.0,603.539,603.776,602.114,602.759,603.178,602.5459999999999,601.981,603.064,604.266,604.911,604.62,603.115
236.25,945.0,603.613,602.69,601.763,603.503,603.94,601.491,602.685,603.38,603.2959999999999,603.6659999999999,604.187,602.491
236.5,946.0,603.163,603.271,602.141,602.987,603.323,601.9069999999999,602.012,603.38,604.375,604.744,603.6669999999999,603.092
236.75,947.0,603.623,603.79,601.689,602.962,603.559,601.7130000000001,602.443,603.721,604.005,604.552,604.508,602.742
237.0,948.0,603.298,603.562,602.6519999999999,602.4490000000001,603.715,601.869,602.771,603.305,603.8969999999999,604.47,604.254,602.64
237.25,949.0,604.413,603.678,602.737,602.387,603.2769999999999,602.141,601.325,603.376,604.066,604.668,604.521,602.3969999999999
237.5,950.0,604.45,603.928,602.779,603.263,602.831,601.995,601.932,603.774,604.211,604.6659999999999,604.859,603.018
237.75,951.0,603.739,602.998,602.502,603.161,603.931,601.4169999999999,602.262,603.294,604.893,603.71,604.479,602.953
238.0,952.0,604.531,604.095,602.438,602.201,603.206,601.927,602.81,603.6469999999999,604.8290000000001,603.988,604.665,603.196
238.25,953.0,603.951,604.4069999999999,602.391,603.33,603.64,602.18,602.939,603.842,604.113,604.87,604.5219999999999,603.003
238.5,954.0,604.222,603.194,602.479,603.627,603.312,601.501,602.236,603.002,604.614,604.2919999999999,604.342,603.351
238.75,955.0,604.164,603.5409999999999,603.354,602.7180000000001,603.822,601.836,602.567,602.4590000000001,603.457,604.069,604.17,602.763
239.0,956.0,603.654,603.457,602.3530000000001,604.127,603.762,601.187,602.793,603.039,604.813,604.1,604.855,602.991
239.25,957.0,603.779,603.984,602.211,603.4730000000001,604.019,601.9209999999999,603.311,603.398,604.476,604.021,604.817,603.094
239.5,958.0,603.721,603.828,602.737,603.294,603.161,602.438,603.132,603.495,604.938,604.422,604.499,603.418
239.75,959.0,603.753,603.587,602.363,602.612,603.631,602.053,602.394,603.381,604.356,604.424,604.911,602.771
240.0,960.0,602.992,603.299,602.59,603.669,605.241,601.606,602.895,603.067,605.382,604.342,605.409,603.155
240.25,961.0,604.105,602.9590000000001,603.405,604.337,604.124,601.63,602.185,602.43,604.572,604.398,604.1990000000001,602.904
240.5,962.0,603.1759999999999,603.0930000000001,602.849,603.748,603.565,602.154,603.155,603.726,604.8480000000001,603.979,604.3480000000001,603.345
240.75,963.0,604.143,603.6569999999999,602.809,603.4580000000001,604.21,603.007,603.345,603.1519999999999,605.36,603.948,605.121,603.276
241.0,964.0,603.83,603.515,602.813,603.493,604.295,602.0,602.069,602.689,605.0419999999999,604.395,604.8380000000001,602.069
241.25,965.0,603.6,603.168,602.122,602.93,604.572,602.005,603.553,602.869,604.8580000000001,605.0269999999999,604.428,603.702
241.5,966.0,603.75,603.8969999999999,602.22,603.356,603.539,601.9259999999999,602.9259999999999,603.144,605.429,604.086,605.173,603.154
241.75,967.0,604.321,603.972,602.711,603.271,603.972,601.61,602.2280000000001,603.354,604.88,603.774,604.107,602.683
242.0,968.0,603.182,603.569,602.621,603.9680000000001,603.918,601.481,602.955,602.53,605.469,604.066,604.453,603.044
242.25,969.0,603.443,603.932,602.2919999999999,604.203,603.627,601.0840000000001,602.661,602.752,605.349,604.072,604.386,603.401
242.5,970.0,604.024,603.612,602.29,603.556,604.361,601.935,603.946,602.918,605.562,603.525,604.548,603.613
242.75,971.0,602.966,603.222,602.901,603.557,603.803,602.094,602.778,602.496,605.691,603.512,605.435,603.094
243.0,972.0,603.347,603.802,602.298,603.047,603.779,601.901,603.948,603.566,605.067,603.773,604.351,603.1519999999999
243.25,973.0,603.78,603.842,603.262,604.05,603.364,601.9680000000001,602.802,603.711,605.364,603.72,604.725,603.138
243.5,974.0,603.2919999999999,603.2280000000001,602.966,603.8009999999999,604.003,602.1080000000001,602.948,602.7769999999999,605.322,603.46,604.896,603.096
243.75,975.0,603.122,603.9169999999999,602.391,603.756,603.443,601.849,603.606,603.089,605.1659999999999,604.112,605.6080000000001,602.9580000000001
244.0,976.0,603.367,603.825,602.7959999999999,603.1519999999999,604.27,601.59,602.703,602.231,605.802,603.446,604.822,603.3
244.25,977.0,602.803,603.888,602.607,603.395,604.0509999999999,601.863,602.936,601.9,606.024,603.849,604.628,602.256
244.5,978.0,603.18,603.435,603.024,603.7180000000001,604.461,601.3,603.47,602.201,605.572,604.294,605.0409999999999,603.453
244.75,979.0,603.372,603.453,602.738,603.67,603.1030000000001,601.895,603.16,602.941,605.1659999999999,603.447,604.76,602.734
245.0,980.0,602.987,604.007,602.741,604.005,603.409,601.742,602.995,602.997,605.717,603.284,604.752,603.314
245.25,981.0,603.248,604.3530000000001,602.249,604.003,603.055,601.461,602.7909999999999,602.372,605.361,603.106,604.987,602.882
245.5,982.0,602.42,603.869,602.125,603.019,604.4209999999999,602.401,603.314,602.308,605.6030000000001,603.136,604.149,603.0219999999999
245.75,983.0,603.37,604.1,601.994,603.494,602.797,602.146,603.0790000000001,602.097,604.323,603.502,604.633,602.2959999999999
246.0,984.0,603.8,603.611,603.3380000000001,603.2719999999999,603.0169999999999,601.626,602.193,602.523,604.533,604.096,604.675,602.828
246.25,985.0,602.864,603.7769999999999,602.86,602.79,603.373,601.594,602.441,602.884,605.319,603.906,603.846,602.971
246.5,986.0,603.48,603.539,601.969,603.682,603.567,601.93,603.354,602.3340000000001,604.8480000000001,603.54,604.488,602.896
246.75,987.0,602.974,603.606,602.606,603.304,603.156,601.985,602.7909999999999,602.1519999999999,605.794,603.6990000000001,604.328,602.232
247.0,988.0,603.163,603.3969999999999,603.181,603.578,603.201,601.4119999999999,602.962,602.533,604.835,603.227,604.906,602.137
247.25,989.0,603.357,602.99,602.437,603.096,603.0880000000001,602.148,602.611,602.5509999999999,605.638,603.237,603.743,602.304
247.5,990.0,603.46,603.494,601.9490000000001,602.471,602.891,601.872,602.946,602.691,604.67,603.127,603.543,602.9580000000001
247.75,991.0,603.145,603.441,602.456,602.672,602.722,601.8240000000001,602.948,602.215,604.631,603.312,603.396,602.795
248.0,992.0,603.246,603.02,602.53,602.995,602.5459999999999,601.719,602.575,602.553,604.507,602.505,603.863,603.303
248.25,993.0,602.725,603.3919999999999,602.2180000000001,602.992,603.156,602.0409999999999,603.015,602.565,603.944,603.424,603.519,602.203
248.5,994.0,603.264,603.127,601.778,603.14,603.284,602.111,601.97,602.461,604.93,602.614,604.0830000000001,602.74
248.75,995.0,603.738,603.529,601.999,603.015,602.818,602.298,602.9580000000001,602.986,603.9540000000001,603.07,604.5169999999999,602.85
249.0,996.0,603.559,602.9169999999999,602.555,602.229,603.494,601.773,602.906,602.089,605.119,603.344,602.989,601.957
249.25,997.0,603.306,603.17,601.9169999999999,602.493,602.722,602.151,602.773,602.499,604.5269999999999,603.712,603.086,603.033
249.5,998.0,603.024,603.0219999999999,602.361,602.5219999999999,603.158,601.58,602.88,603.1709999999999,604.634,602.781,603.936,602.7090000000001
249.75,999.0,603.988,603.716,602.565,602.173,602.275,602.015,602.799,601.945,604.004,602.555,603.663,602.938
250.0,1000.0,603.188,603.059,602.183,602.43,602.95,602.269,602.396,602.781,603.985,602.986,602.877,602.12
250.25,1001.0,603.25,603.028,602.019,603.221,602.082,602.645,602.231,602.523,603.54,602.913,603.389,602.619
250.5,1002.0,603.4159999999999,602.725,601.997,601.53,602.589,601.616,602.375,602.434,604.377,603.278,603.682,602.865
250.75,1003.0,603.475,603.087,602.518,603.165,602.2669999999999,601.832,602.071,602.477,604.495,603.019,603.043,602.741
251.0,1004.0,602.932,602.845,601.992,602.816,602.029,602.039,602.151,602.711,603.659,602.814,603.365,602.2669999999999
251.25,1005.0,603.411,603.092,602.132,601.866,602.357,602.69,602.613,602.97,603.512,602.994,604.6030000000001,602.408
251.5,1006.0,602.664,603.567,602.17,602.271,602.96,601.783,602.605,602.805,604.2919999999999,603.582,603.805,602.768
251.75,1007.0,602.852,603.138,601.8430000000001,602.611,602.028,602.2040000000001,602.016,602.979,603.849,602.715,603.743,602.413
252.0,1008.0,602.814,602.212,601.469,602.1619999999999,602.535,601.865,602.619,602.744,603.2869999999999,603.216,603.521,602.376
252.25,1009.0,602.932,602.7959999999999,602.981,602.703,602.082,602.521,601.936,602.695,603.346,603.835,603.297,602.235
252.5,1010.0,602.706,602.605,601.555,602.161,602.602,601.77,602.144,601.943,604.013,603.888,603.279,602.487
252.75,1011.0,603.173,602.653,601.2819999999999,603.48,602.258,602.105,602.742,602.769,603.419,602.857,602.937,602.485
253.0,1012.0,602.928,602.386,601.9159999999999,602.144,602.911,602.347,601.45,602.44,603.627,603.539,602.716,602.082
253.25,1013.0,603.344,603.172,601.6619999999999,602.021,601.924,602.49,602.034,602.621,603.264,602.387,603.534,602.058
253.5,1014.0,603.44,602.847,601.66,601.9069999999999,601.924,601.934,602.471,602.118,603.576,602.966,603.124,602.313
253.75,1015.0,603.544,603.2280000000001,602.062,601.727,602.018,601.836,601.729,602.888,603.808,603.4019999999999,604.53,602.312
254.0,1016.0,602.739,602.997,602.2769999999999,602.363,602.937,602.8340000000001,602.026,602.319,603.224,603.273,603.423,601.811
254.25,1017.0,603.014,602.082,601.307,602.656,602.303,602.872,602.488,601.9590000000001,603.089,604.327,603.038,602.985
254.5,1018.0,603.515,602.977,601.623,602.722,602.406,602.2819999999999,602.581,602.076,602.554,603.555,603.93,602.967
254.75,1019.0,603.2819999999999,602.8240000000001,603.17,601.107,602.115,601.992,601.428,602.351,603.6,603.004,603.568,602.45
255.0,1020.0,602.816,602.761,601.364,601.406,601.904,602.53,602.5269999999999,602.814,603.61,603.1709999999999,603.502,601.942
255.25,1021.0,602.5169999999999,601.857,602.064,602.194,602.146,602.113,602.577,603.007,603.521,603.6030000000001,603.0369999999999,602.217
255.5,1022.0,603.2330000000001,601.979,602.763,602.05,603.132,601.8380000000001,602.469,602.381,603.067,603.354,603.048,603.268
255.75,1023.0,603.561,602.856,601.602,602.8919999999999,602.173,602.453,602.003,601.991,602.668,603.3480000000001,603.077,601.951
256.0,1024.0,603.155,602.648,601.81,602.339,602.408,602.844,602.312,601.936,602.964,602.9119999999999,602.555,602.25
256.25,1025.0,603.023,602.6669999999999,601.7869999999999,602.56,603.112,602.255,602.0880000000001,601.703,603.2669999999999,603.34,603.125,602.0509999999999
256.5,1026.0,602.998,602.087,602.365,602.707,601.874,601.785,601.259,601.795,603.524,603.502,603.154,602.178
256.75,1027.0,603.944,603.013,601.641,601.659,603.029,602.078,601.297,601.758,603.034,603.552,603.683,602.332
257.0,1028.0,602.582,602.335,601.685,602.382,602.635,601.8969999999999,602.018,602.2669999999999,603.513,602.72,603.617,601.665
257.25,1029.0,602.643,603.16,601.621,602.164,602.634,601.814,602.689,602.435,602.722,603.23,603.106,602.366
257.5,1030.0,605.813,602.284,601.369,602.797,602.742,602.752,602.1419999999999,602.8969999999999,603.411,603.7869999999999,602.923,601.991
257.75,1031.0,602.995,603.163,601.557,602.955,602.422,602.622,601.571,601.5219999999999,603.298,603.685,602.952,602.398
258.0,1032.0,603.331,602.664,601.845,602.548,603.0740000000001,601.331,602.322,602.317,602.896,603.308,603.45,602.432
258.25,1033.0,603.404,602.661,601.8480000000001,602.442,602.888,601.979,601.669,602.9540000000001,603.519,603.195,603.555,602.8530000000001
258.5,1034.0,603.273,603.3580000000001,601.99,603.768,602.818,602.444,601.73,602.254,602.9,603.443,602.875,603.038
258.75,1035.0,602.72,602.144,602.23,603.4730000000001,602.903,601.966,601.255,603.746,603.2909999999999,603.092,602.831,602.731
259.0,1036.0,604.165,602.873,601.7909999999999,603.325,602.577,602.558,602.312,602.414,602.9590000000001,604.01,603.298,602.634
259.25,1037.0,603.948,603.528,601.592,603.1419999999999,603.1569999999999,602.184,601.644,602.894,603.0219999999999,603.672,603.347,602.538
259.5,1038.0,603.719,602.636,601.976,603.111,603.217,601.707,602.045,602.674,603.944,603.507,602.865,603.023
259.75,1039.0,604.063,602.205,602.076,602.225,601.504,601.855,601.891,602.6,603.543,604.2280000000001,603.227,602.694
260.0,1040.0,603.3919999999999,602.952,602.5930000000001,602.798,603.518,600.944,601.928,602.549,604.039,604.234,603.745,602.344
260.25,1041.0,603.725,602.633,602.122,603.552,602.215,602.0509999999999,601.873,602.474,603.5840000000001,603.018,603.072,602.7909999999999
260.5,1042.0,603.9,603.075,603.196,602.816,602.515,602.265,601.736,602.447,603.736,603.545,603.356,603.387
260.75,1043.0,603.813,602.4680000000001,602.435,602.724,602.694,601.751,602.725,602.049,603.731,603.9780000000001,603.136,603.779
261.0,1044.0,603.956,603.648,601.701,603.091,603.319,602.173,601.9630000000001,601.846,603.443,602.953,603.33,603.1619999999999
261.25,1045.0,603.808,602.511,602.509,603.319,602.886,602.06,601.894,602.183,603.548,603.055,603.92,603.182
261.5,1046.0,603.684,603.132,602.504,602.869,603.2719999999999,601.894,601.528,602.464,603.433,603.7130000000001,602.434,603.221
261.75,1047.0,603.6419999999999,602.971,602.0169999999999,603.269,603.5269999999999,602.504,601.8,601.776,603.369,603.09,603.1990000000001,603.503
262.0,1048.0,603.648,602.545,602.261,603.2080000000001,603.231,601.191,602.309,602.077,604.043,603.646,603.25,602.91
262.25,1049.0,603.711,603.656,601.979,602.874,602.9580000000001,601.178,602.285,602.472,603.4540000000001,603.7090000000001,602.368,602.819
262.5,1050.0,602.889,603.105,602.852,602.821,602.687,601.66,601.869,601.682,603.778,603.229,602.621,603.1569999999999
262.75,1051.0,603.5790000000001,602.9590000000001,602.14,603.126,603.202,601.536,602.355,602.432,602.931,603.621,603.246,602.819
263.0,1052.0,604.3969999999999,603.506,602.516,602.661,602.883,601.51,601.57,602.567,602.994,603.4680000000001,603.661,602.297
263.25,1053.0,603.618,603.11,602.331,603.101,603.3919999999999,602.241,602.5269999999999,601.943,604.1469999999999,603.492,603.302,603.33
263.5,1054.0,603.562,602.702,602.839,603.053,603.562,601.2769999999999,602.675,603.087,604.664,604.151,603.0740000000001,602.154
263.75,1055.0,603.764,602.535,602.257,602.747,603.335,601.9119999999999,602.114,602.066,603.918,603.252,603.474,602.492
264.0,1056.0,603.933,602.743,601.738,602.614,603.299,601.387,602.655,601.554,604.578,603.509,603.413,602.316
264.25,1057.0,603.363,603.031,602.4069999999999,602.8240000000001,602.749,602.025,602.266,602.2090000000001,604.153,603.5,603.763,602.26
264.5,1058.0,603.126,602.716,602.11,603.3969999999999,603.247,601.591,601.73,601.8969999999999,604.294,603.545,603.122,602.185
264.75,1059.0,603.263,603.237,602.882,603.087,602.872,602.19,602.493,602.355,604.872,603.018,603.246,602.732
265.0,1060.0,604.235,602.9,602.5269999999999,603.1,603.4169999999999,601.161,602.146,601.9259999999999,604.173,602.707,603.229,602.885
265.25,1061.0,603.303,603.466,602.013,602.928,603.98,601.677,602.565,601.854,604.737,602.4730000000001,603.398,602.6659999999999
265.5,1062.0,603.554,602.57,602.433,602.827,603.832,601.339,602.656,602.061,604.631,603.3530000000001,603.067,602.513
265.75,1063.0,603.8290000000001,602.543,602.752,602.336,603.457,602.094,602.888,602.927,604.607,602.9680000000001,602.879,601.519
266.0,1064.0,604.124,602.756,602.3290000000001,603.3530000000001,603.013,602.116,602.3290000000001,601.938,604.104,602.861,603.432,602.615
266.25,1065.0,602.635,603.126,602.687,602.66,603.637,601.08,603.173,602.3240000000001,604.153,603.01,603.251,602.148
266.5,1066.0,603.033,603.425,602.987,603.16,603.816,601.601,602.823,602.965,603.999,602.319,602.557,602.227
266.75,1067.0,602.594,602.952,602.215,602.347,603.091,601.672,602.948,601.538,604.457,601.915,602.774,602.575
267.0,1068.0,602.252,602.935,602.395,605.4019999999999,603.013,601.567,602.9159999999999,601.439,604.479,602.971,603.389,602.064
267.25,1069.0,602.683,602.418,602.446,602.092,603.12,601.485,602.283,601.982,604.62,602.729,603.6030000000001,602.18
267.5,1070.0,602.323,604.0,602.197,602.572,603.038,601.624,601.844,601.497,604.13,602.846,603.364,602.481
267.75,1071.0,602.665,601.9169999999999,602.687,603.345,603.024,602.332,602.354,602.131,604.32,602.8290000000001,603.506,601.938
268.0,1072.0,602.4830000000001,602.68,601.992,602.6519999999999,602.766,602.2090000000001,602.04,602.63,604.053,601.771,602.918,602.7719999999999
268.25,1073.0,602.401,602.577,601.592,602.867,602.39,601.793,601.9159999999999,601.161,604.743,602.861,602.717,601.312
268.5,1074.0,602.638,602.861,602.133,602.196,603.104,601.581,602.689,602.076,603.966,602.594,603.293,601.83
268.75,1075.0,603.316,602.822,602.382,602.575,602.673,602.403,602.53,601.992,604.071,602.183,602.816,602.327
269.0,1076.0,602.568,602.359,601.803,602.942,602.8240000000001,601.4209999999999,601.614,601.889,604.585,602.585,603.455,602.283
269.25,1077.0,602.423,602.451,601.982,602.25,602.514,601.7180000000001,603.3290000000001,601.35,604.006,602.819,603.131,601.773
269.5,1078.0,602.376,602.811,602.106,602.707,603.12,601.226,602.729,601.596,603.908,602.654,603.5419999999999,601.6659999999999
269.75,1079.0,601.687,602.775,601.68,602.375,602.248,601.74,602.104,601.874,603.597,602.259,603.18,602.479
270.0,1080.0,602.0369999999999,602.44,602.58,602.58,602.778,601.737,602.841,601.462,604.643,602.42,602.615,602.004
270.25,1081.0,602.78,602.54,601.59,602.263,602.225,602.094,602.946,602.63,604.22,602.487,603.675,601.735
270.5,1082.0,602.696,601.768,601.9540000000001,602.1,602.279,601.611,601.428,601.633,604.58,602.467,603.138,602.476
270.75,1083.0,602.5419999999999,603.023,601.863,602.678,602.86,602.155,602.5830000000001,602.161,603.809,602.229,602.707,602.17
271.0,1084.0,602.566,602.6,602.457,602.229,603.081,601.628,602.096,602.025,604.0459999999999,602.577,602.32,601.974
271.25,1085.0,602.555,601.803,601.2819999999999,604.448,602.0419999999999,601.5840000000001,601.705,602.024,603.7280000000001,602.394,603.696,601.864
271.5,1086.0,602.391,602.3480000000001,601.638,601.993,602.306,600.999,602.285,602.675,603.1569999999999,602.9540000000001,602.505,602.117
271.75,1087.0,602.781,603.115,601.702,602.6080000000001,602.036,601.371,601.9780000000001,602.0319999999999,603.538,602.89,603.038,602.9119999999999
272.0,1088.0,602.422,602.428,601.539,602.327,601.967,601.72,601.976,602.018,603.597,602.399,602.396,601.607
272.25,1089.0,602.207,602.173,601.942,602.391,602.6469999999999,601.582,602.5419999999999,601.65,603.776,603.143,602.789,601.972
272.5,1090.0,601.681,602.424,601.5509999999999,602.688,602.745,601.1419999999999,601.757,602.219,602.971,602.063,603.125,601.543
272.75,1091.0,602.651,603.0169999999999,601.778,602.467,602.004,601.371,601.663,601.828,603.154,601.74,602.7909999999999,602.144
273.0,1092.0,602.749,602.6469999999999,601.945,602.861,603.076,601.587,601.54,601.415,603.625,602.308,602.947,602.606
273.25,1093.0,601.948,602.089,601.628,602.055,602.035,601.484,602.401,601.5419999999999,603.04,602.193,603.501,601.628
273.5,1094.0,602.649,602.753,601.553,602.409,602.533,601.888,601.585,601.622,603.431,602.462,603.403,602.034
273.75,1095.0,601.72,602.352,601.548,601.578,602.529,601.587,602.485,601.41,602.675,602.688,603.081,601.943
274.0,1096.0,602.138,602.298,602.12,602.422,601.737,601.172,601.744,601.815,602.627,602.034,602.965,601.998
274.25,1097.0,602.118,602.597,600.934,601.403,602.145,602.121,601.418,601.904,603.531,602.509,602.656,602.0740000000001
274.5,1098.0,602.304,602.615,601.485,602.274,601.614,602.403,601.094,601.78,603.279,603.1519999999999,603.606,602.226
274.75,1099.0,602.126,602.255,601.923,602.207,601.7280000000001,601.487,602.638,601.788,603.08,602.612,602.369,601.764
275.0,1100.0,601.609,602.241,602.058,601.679,601.355,601.411,601.752,601.707,602.933,602.8,602.857,601.79
275.25,1101.0,602.0319999999999,602.306,601.35,602.006,602.229,601.898,602.0409999999999,601.535,603.004,603.139,603.0790000000001,601.99
275.5,1102.0,601.803,602.0830000000001,600.942,601.9630000000001,602.239,602.097,601.52,602.193,603.056,603.094,603.34,601.934
275.75,1103.0,602.347,602.37,601.206,601.134,602.016,601.821,602.164,601.187,603.391,602.941,603.476,601.485
276.0,1104.0,601.672,602.672,601.068,603.096,602.168,601.55,602.32,601.185,602.75,602.386,603.4730000000001,602.239
276.25,1105.0,601.509,602.464,601.7909999999999,602.35,602.592,602.109,601.8240000000001,601.836,603.297,603.4830000000001,602.0930000000001,602.5219999999999
276.5,1106.0,602.026,602.727,601.234,601.719,602.864,601.482,602.091,601.307,603.056,603.229,602.714,601.9830000000001
276.75,1107.0,602.543,601.637,601.81,602.09,602.4159999999999,601.837,602.2719999999999,602.1659999999999,602.828,603.109,602.996,603.031
277.0,1108.0,602.469,602.377,601.116,602.192,602.021,601.485,602.122,601.969,602.566,603.544,603.3340000000001,601.795
277.25,1109.0,602.571,601.94,601.357,602.828,602.476,601.5369999999999,601.538,601.895,603.251,603.52,602.942,602.013
277.5,1110.0,602.372,602.179,600.964,601.726,602.144,602.36,601.865,602.854,602.877,603.321,602.721,602.587
277.75,1111.0,602.597,601.734,601.594,602.191,601.89,602.502,600.9490000000001,601.997,602.182,603.611,602.744,602.634
278.0,1112.0,602.0930000000001,602.201,601.591,602.018,602.385,601.904,601.828,602.5,602.276,603.211,603.025,602.168
278.25,1113.0,602.715,602.707,601.607,601.768,602.328,602.1669999999999,601.969,601.774,602.3530000000001,603.821,602.73,601.51
278.5,1114.0,602.372,602.881,601.765,601.689,601.864,601.161,601.991,601.84,602.5459999999999,603.113,603.028,602.785
278.75,1115.0,602.435,602.5169999999999,601.49,601.885,602.9580000000001,602.001,601.285,602.21,603.372,603.83,603.2869999999999,602.255
279.0,1116.0,602.39,602.371,602.238,601.852,601.4069999999999,602.007,601.534,600.758,602.919,603.381,603.007,601.844
279.25,1117.0,602.5509999999999,602.7959999999999,601.553,602.0409999999999,601.576,601.419,601.707,601.164,602.681,603.285,602.839,602.2919999999999
279.5,1118.0,602.286,602.174,601.531,602.049,602.8530000000001,601.545,601.276,602.582,603.487,603.854,602.236,602.656
279.75,1119.0,602.446,602.924,601.0,601.96,601.806,602.131,601.0219999999999,602.486,603.101,603.169,602.558,602.387
280.0,1120.0,602.169,602.1030000000001,601.5459999999999,601.387,602.2280000000001,601.814,601.371,602.006,602.9209999999999,603.6659999999999,603.3240000000001,603.491
280.25,1121.0,601.504,602.245,602.109,601.71,601.812,602.385,602.118,601.868,602.4590000000001,603.972,603.336,601.974
280.5,1122.0,601.748,602.385,602.165,601.9490000000001,602.068,601.766,602.089,602.036,601.867,602.783,602.117,601.745
280.75,1123.0,602.47,602.269,601.501,602.073,602.422,601.508,602.043,602.24,602.1759999999999,603.2080000000001,602.821,602.184
281.0,1124.0,602.27,602.431,601.894,602.393,602.372,602.028,601.871,602.255,603.125,604.186,602.808,601.938
281.25,1125.0,601.987,601.774,602.091,602.374,602.317,601.236,601.639,601.622,602.601,603.557,602.991,602.238
281.5,1126.0,601.66,602.13,602.0409999999999,602.563,602.629,601.742,601.692,601.366,603.1519999999999,602.957,603.11,602.105
281.75,1127.0,602.279,602.076,601.99,603.068,602.153,602.299,601.947,602.044,603.438,603.87,602.982,601.7959999999999
282.0,1128.0,602.45,601.695,600.894,602.341,602.278,602.269,601.447,600.797,602.42,603.503,602.462,602.823
282.25,1129.0,602.129,602.391,602.043,602.653,602.164,601.1030000000001,602.435,601.765,603.764,602.991,603.011,602.081
282.5,1130.0,602.523,601.681,601.205,602.394,602.222,601.457,601.231,601.637,603.285,603.52,602.95,601.68
282.75,1131.0,602.326,601.453,602.7080000000001,602.408,602.481,602.632,602.547,600.8380000000001,601.923,603.886,602.705,602.559
283.0,1132.0,602.697,601.878,601.886,601.891,602.394,602.1519999999999,601.562,601.804,603.379,603.648,603.196,602.501
283.25,1133.0,602.148,602.14,601.445,603.0790000000001,602.49,601.38,601.14,601.754,603.471,602.823,603.2080000000001,602.2080000000001
283.5,1134.0,602.971,601.872,601.515,602.33,602.557,601.9019999999999,601.966,602.068,603.221,602.943,603.607,602.35
283.75,1135.0,602.759,601.7819999999999,601.727,602.303,603.156,601.638,601.8340000000001,601.774,602.5980000000001,604.274,603.253,602.996
284.0,1136.0,602.4830000000001,602.198,602.496,602.097,602.63,601.482,601.614,601.726,603.2,603.543,602.169,602.505
284.25,1137.0,602.638,602.823,602.19,602.7230000000001,602.26,601.6569999999999,601.789,603.029,603.488,603.203,603.1419999999999,602.437
284.5,1138.0,602.393,602.83,602.684,602.3480000000001,602.5169999999999,601.3340000000001,601.5980000000001,602.033,603.694,603.23,602.967,601.911
284.75,1139.0,601.687,601.89,601.884,602.0269999999999,601.971,601.269,601.722,602.1419999999999,603.439,603.534,603.422,602.3430000000001
285.0,1140.0,602.565,602.224,602.441,602.005,602.6619999999999,601.198,601.448,602.511,603.188,603.581,602.778,602.419
285.25,1141.0,602.5369999999999,601.453,601.867,601.934,602.476,601.4259999999999,602.665,601.48,603.927,603.159,603.614,602.882
285.5,1142.0,602.6669999999999,602.3340000000001,601.898,602.715,602.4,602.3580000000001,601.899,602.149,603.9019999999999,603.028,603.825,601.732
285.75,1143.0,602.802,601.725,601.759,602.314,602.1759999999999,601.1569999999999,601.875,601.8580000000001,603.512,603.039,602.975,601.726
286.0,1144.0,602.867,601.837,601.8009999999999,602.855,603.554,601.62,602.136,602.242,603.196,603.3240000000001,602.3,602.817
286.25,1145.0,603.257,602.53,601.933,601.722,602.049,601.711,601.918,601.41,603.249,602.619,602.79,602.073
286.5,1146.0,602.266,601.86,601.868,602.268,602.663,601.5509999999999,601.623,602.0980000000001,603.618,602.952,602.808,602.521
286.75,1147.0,602.928,602.39,601.722,601.847,603.627,602.076,601.681,601.379,604.149,602.382,602.17,602.429
287.0,1148.0,602.556,601.6619999999999,602.263,601.9209999999999,603.024,601.235,601.234,601.724,603.678,603.35,602.729,602.683
287.25,1149.0,602.48,601.9159999999999,601.962,602.445,603.0930000000001,601.3969999999999,601.569,602.227,604.251,603.286,603.442,602.188
287.5,1150.0,602.342,603.1759999999999,602.668,602.2719999999999,603.124,601.851,602.202,602.179,604.069,602.234,602.53,602.307
287.75,1151.0,602.738,602.226,602.131,602.721,602.025,602.059,602.248,602.049,603.871,603.134,602.203,602.33
288.0,1152.0,603.161,602.936,602.078,602.227,603.242,601.6419999999999,602.134,601.859,604.057,602.589,602.867,602.025
288.25,1153.0,602.444,602.307,601.5369999999999,601.999,603.08,601.688,601.4490000000001,601.645,604.186,602.618,602.529,601.961
288.5,1154.0,602.379,602.9069999999999,,602.095,602.9540000000001,601.5319999999999,602.0269999999999,602.215,604.138,602.832,602.79,602.293
288.75,1155.0,602.2909999999999,602.6469999999999,,602.0459999999999,602.4590000000001,601.525,601.794,601.529,604.3240000000001,603.087,603.328,602.325
289.0,1156.0,601.86,602.263,,601.793,602.616,602.248,601.6569999999999,601.922,603.466,602.594,602.4580000000001,602.0
289.25,1157.0,602.86,602.18,,602.352,604.469,601.265,602.221,601.682,604.414,602.52,602.7819999999999,601.5319999999999
289.5,1158.0,602.589,602.655,,601.684,602.591,601.636,602.039,601.3480000000001,603.6080000000001,602.284,602.194,602.636
289.75,1159.0,602.839,602.119,602.1619999999999,601.931,602.061,601.258,601.872,601.5169999999999,603.788,601.4069999999999,602.269,602.766
290.0,1160.0,602.714,602.0269999999999,601.53,601.869,603.2280000000001,601.561,602.048,601.501,603.2769999999999,601.987,601.812,601.8919999999999
290.25,1161.0,602.202,602.335,601.933,602.7130000000001,602.881,601.47,602.357,601.248,603.894,603.047,602.047,602.612
290.5,1162.0,602.32,602.592,601.6519999999999,601.875,602.534,601.443,601.974,601.461,603.906,603.138,602.475,601.572
290.75,1163.0,602.263,601.668,601.628,601.827,603.326,601.563,601.91,602.368,603.6709999999999,601.95,601.919,601.238
291.0,1164.0,601.4490000000001,602.203,601.456,601.531,602.293,601.398,602.5169999999999,601.859,604.734,602.008,602.37,601.629
291.25,1165.0,601.695,602.781,,601.4630000000001,602.0,601.352,601.8580000000001,601.51,603.316,602.567,602.595,602.24
291.5,1166.0,602.003,601.9209999999999,,602.383,602.999,601.264,601.832,601.75,603.75,602.7919999999999,601.937,602.4580000000001
291.75,1167.0,602.151,601.948,,601.6669999999999,602.245,601.439,601.716,601.844,603.571,602.7719999999999,603.201,602.247
292.0,1168.0,602.206,602.613,,602.215,602.5269999999999,601.479,602.094,602.061,603.856,601.485,602.062,602.118
292.25,1169.0,602.7080000000001,602.766,,602.577,603.059,601.116,601.962,601.308,603.1419999999999,601.9069999999999,602.244,601.605
292.5,1170.0,601.937,602.026,601.524,602.161,602.3380000000001,601.239,603.05,601.7130000000001,603.613,602.1569999999999,602.582,601.97
292.75,1171.0,601.643,602.2919999999999,602.692,601.469,602.852,601.383,602.1519999999999,601.512,603.746,601.3290000000001,601.935,602.115
293.0,1172.0,602.816,602.9119999999999,601.92,602.374,602.636,602.007,601.442,601.44,603.405,602.134,602.976,602.408
293.25,1173.0,602.36,602.629,601.179,601.891,602.384,601.658,602.09,602.057,603.556,601.759,602.706,601.784
293.5,1174.0,602.763,602.241,601.7130000000001,601.4259999999999,601.8430000000001,600.904,602.389,601.846,602.98,601.645,601.729,602.378
293.75,1175.0,602.552,603.609,601.702,601.866,602.072,601.654,602.226,601.893,603.484,602.317,602.13,602.418
294.0,1176.0,602.099,602.308,601.047,601.766,602.556,601.5840000000001,602.007,602.239,603.196,602.13,602.627,601.761
294.25,1177.0,602.314,602.067,601.97,602.4259999999999,602.123,600.868,602.1419999999999,601.539,603.31,602.01,602.905,603.019
294.5,1178.0,602.6519999999999,602.507,,601.607,602.043,601.295,601.276,601.331,603.319,602.71,602.094,601.906
294.75,1179.0,600.8919999999999,602.956,601.761,601.866,602.7280000000001,601.428,602.481,601.678,602.85,602.6080000000001,601.6569999999999,601.5169999999999
295.0,1180.0,602.238,602.119,601.018,601.442,602.547,601.442,601.894,601.971,604.082,602.314,602.159,601.765
295.25,1181.0,602.451,602.071,601.828,601.827,601.691,601.342,601.307,601.754,603.837,602.736,602.489,601.727
295.5,1182.0,602.023,602.116,601.493,602.69,601.812,601.465,601.89,601.456,603.215,602.9580000000001,602.214,602.486
295.75,1183.0,602.379,601.87,601.286,601.253,601.7180000000001,601.569,601.876,601.457,603.328,602.401,603.007,601.803
296.0,1184.0,601.974,602.1,600.7040000000001,601.823,601.876,601.02,601.952,601.827,602.936,602.74,602.226,602.378
296.25,1185.0,602.364,602.158,600.746,601.4490000000001,602.308,600.979,601.686,601.692,603.864,603.1080000000001,602.0,602.221
296.5,1186.0,602.1759999999999,602.3919999999999,601.7280000000001,601.045,601.071,601.2280000000001,601.496,601.382,603.02,602.818,602.743,602.024
296.75,1187.0,601.325,602.047,600.805,601.773,602.538,601.24,602.3340000000001,602.307,602.842,602.88,603.428,601.68
297.0,1188.0,601.862,602.125,601.703,601.91,601.9540000000001,602.24,601.567,601.761,603.217,602.768,602.751,601.88
297.25,1189.0,601.883,602.243,601.4630000000001,601.678,602.029,600.999,601.08,601.929,603.536,602.092,602.178,601.8340000000001
297.5,1190.0,601.57,602.419,601.731,601.489,602.553,601.297,601.506,602.2230000000001,603.0269999999999,602.5790000000001,603.437,601.471
297.75,1191.0,601.252,602.299,601.469,601.305,601.997,600.659,602.087,601.385,602.614,602.69,602.669,602.181
298.0,1192.0,601.991,602.229,601.451,601.481,602.255,601.195,602.107,601.356,603.026,602.275,603.1080000000001,602.203
298.25,1193.0,601.914,602.179,601.307,601.6659999999999,601.875,601.53,601.859,602.549,602.347,602.12,602.711,601.771
298.5,1194.0,601.753,602.0790000000001,600.526,601.97,601.623,600.8009999999999,601.154,601.941,601.553,602.746,602.832,601.311
298.75,1195.0,601.461,601.7669999999999,601.2230000000001,601.253,601.7080000000001,602.475,602.244,601.569,603.0409999999999,603.1419999999999,602.179,601.826
299.0,1196.0,602.063,601.7090000000001,601.745,601.564,602.533,601.443,601.674,602.106,602.526,602.581,602.533,601.512
299.25,1197.0,601.257,602.33,600.866,601.731,601.635,601.534,601.781,600.795,602.948,602.503,603.17,601.732
299.5,1198.0,602.069,602.625,601.7230000000001,601.1,601.873,601.313,601.206,601.477,603.2819999999999,603.148,602.705,601.915
299.75,1199.0,601.457,602.379,601.4119999999999,601.8009999999999,601.404,601.217,601.894,601.67,603.009,602.182,602.9780000000001,602.509
300.0,1200.0,601.3480000000001,602.43,600.984,602.019,601.96,602.067,601.395,601.429,602.636,603.1469999999999,602.364,601.129
300.25,1201.0,601.826,602.573,601.35,601.414,601.745,602.23,601.455,602.227,602.9490000000001,602.645,602.86,602.255
300.5,1202.0,602.003,601.982,601.094,601.317,601.6569999999999,601.886,601.896,601.433,602.521,602.469,603.132,602.5419999999999
300.75,1203.0,601.982,602.594,600.759,600.989,601.783,602.012,601.012,601.76,602.789,603.115,603.645,601.73
301.0,1204.0,602.175,602.068,601.852,602.21,601.757,601.628,601.5880000000001,602.289,602.641,603.173,603.1569999999999,602.151
301.25,1205.0,601.951,601.985,601.194,601.59,602.2919999999999,602.216,601.26,601.784,602.6659999999999,602.89,603.345,601.845
301.5,1206.0,601.794,601.997,602.314,601.615,601.761,601.68,601.305,601.989,602.797,603.372,602.664,601.741
301.75,1207.0,601.7180000000001,601.823,600.8530000000001,601.503,602.246,601.689,601.2080000000001,601.061,602.524,603.6759999999999,603.683,602.102
302.0,1208.0,602.187,602.303,601.484,601.533,602.479,602.336,601.696,601.948,602.575,603.376,602.83,602.06
302.25,1209.0,601.7280000000001,602.428,600.74,601.256,602.665,602.122,601.239,601.428,602.981,602.321,602.625,601.698
302.5,1210.0,602.41,601.888,601.211,602.049,601.616,601.698,600.956,601.46,602.874,603.741,603.073,601.573
302.75,1211.0,601.721,602.575,601.263,601.804,601.839,601.331,601.158,601.893,602.716,602.531,602.365,601.562
303.0,1212.0,602.191,601.703,601.649,602.0369999999999,602.71,601.854,601.325,601.836,602.575,602.925,603.216,601.595
303.25,1213.0,601.925,602.085,602.036,601.572,602.095,601.558,602.563,601.6619999999999,602.524,603.095,602.9119999999999,601.48
303.5,1214.0,602.275,602.5219999999999,601.96,601.945,602.4019999999999,601.998,601.053,602.5790000000001,602.403,603.361,602.773,602.1619999999999
303.75,1215.0,602.45,601.3919999999999,601.636,601.318,602.465,601.875,600.4780000000001,601.456,602.8,602.896,602.628,602.174
304.0,1216.0,602.064,601.881,601.252,601.988,602.5369999999999,602.361,601.428,601.748,603.161,602.26,604.038,601.342
304.25,1217.0,602.2280000000001,602.028,601.4159999999999,601.0790000000001,602.3340000000001,601.637,601.253,602.257,602.716,603.337,602.8580000000001,602.274
304.5,1218.0,601.91,601.825,601.49,601.836,602.188,601.799,601.677,601.25,602.637,602.85,603.26,602.53
304.75,1219.0,602.757,601.836,601.47,601.868,602.385,601.168,601.76,601.211,602.538,603.262,602.692,601.597
305.0,1220.0,602.419,602.703,601.242,601.774,602.2330000000001,602.284,601.346,601.601,602.935,602.9590000000001,602.682,601.554
305.25,1221.0,602.7919999999999,601.8380000000001,601.462,601.644,602.965,601.5509999999999,600.639,601.7769999999999,602.513,603.193,602.381,601.85
305.5,1222.0,602.182,601.432,601.4,601.746,602.645,601.554,601.602,601.721,603.255,603.33,603.033,602.408
305.75,1223.0,602.158,602.571,601.433,601.035,601.655,601.694,601.553,601.441,602.776,602.883,602.466,601.696
306.0,1224.0,601.806,601.705,601.748,602.193,602.487,601.616,602.315,601.689,602.841,603.441,603.46,601.895
306.25,1225.0,602.288,601.972,600.987,601.746,602.122,602.117,601.24,601.226,602.533,602.4580000000001,602.906,601.636
306.5,1226.0,601.7819999999999,601.975,601.174,602.335,602.22,602.773,601.581,601.624,602.48,603.396,603.309,601.984
306.75,1227.0,602.341,601.881,601.215,601.526,602.308,601.569,601.5169999999999,601.25,603.184,602.056,603.366,601.433
307.0,1228.0,601.616,601.664,600.909,602.198,602.354,601.693,601.2040000000001,601.957,603.24,602.629,604.011,602.422
307.25,1229.0,601.903,602.355,601.178,601.521,603.279,601.509,601.3430000000001,601.745,602.655,602.814,603.619,602.0840000000001
307.5,1230.0,601.675,602.373,600.95,601.632,602.519,602.39,600.6759999999999,601.538,602.905,602.536,602.901,601.7040000000001
307.75,1231.0,601.783,601.569,601.557,601.1,602.319,601.5459999999999,601.366,601.724,603.424,602.229,603.175,602.0830000000001
308.0,1232.0,602.293,601.567,601.161,601.9069999999999,602.381,601.156,601.599,601.7719999999999,603.053,601.905,602.48,601.53
308.25,1233.0,601.634,602.337,601.563,601.361,601.8240000000001,601.319,600.867,601.925,604.298,602.6759999999999,603.23,601.769
308.5,1234.0,602.441,600.994,601.495,601.97,602.239,601.68,600.99,601.524,602.887,603.23,602.314,601.745
308.75,1235.0,601.865,601.8,601.56,601.539,602.716,601.734,601.509,601.37,603.419,602.543,603.1669999999999,602.362
309.0,1236.0,602.23,601.425,601.5509999999999,601.318,602.78,601.891,600.955,602.002,603.453,603.127,602.7719999999999,602.28
309.25,1237.0,602.113,601.404,601.247,601.727,602.484,601.464,601.44,601.691,603.362,601.807,602.813,602.168
309.5,1238.0,601.6759999999999,601.759,601.5509999999999,601.283,602.373,601.3240000000001,601.427,600.879,603.84,601.5169999999999,603.182,602.462
309.75,1239.0,602.4209999999999,602.071,601.585,601.9119999999999,602.428,601.872,601.311,601.617,603.7090000000001,602.7919999999999,603.019,602.188
310.0,1240.0,602.487,601.831,600.9209999999999,601.749,602.394,601.337,600.998,601.966,603.413,602.153,602.274,601.938
310.25,1241.0,602.62,602.576,601.5459999999999,602.379,602.564,601.476,601.774,601.841,603.455,602.14,602.899,602.211
310.5,1242.0,602.186,601.8330000000001,601.3240000000001,601.224,602.86,601.734,600.8009999999999,601.646,603.07,602.063,602.799,602.314
310.75,1243.0,601.184,601.872,601.311,601.543,602.398,601.5830000000001,601.436,602.081,603.615,602.771,601.9540000000001,602.548
311.0,1244.0,602.122,601.861,600.972,602.366,602.318,601.271,601.797,601.433,603.418,602.847,602.268,602.799
311.25,1245.0,602.385,602.112,600.752,601.799,602.54,601.589,601.244,602.231,603.087,602.132,602.552,602.2
311.5,1246.0,602.494,602.052,601.577,601.034,602.097,600.956,602.0830000000001,601.549,603.91,601.615,602.928,602.754
311.75,1247.0,601.888,602.3380000000001,600.8430000000001,601.827,602.638,601.214,601.573,601.212,604.015,601.82,602.15,601.616
312.0,1248.0,601.663,602.1569999999999,601.85,601.6469999999999,602.6,601.2130000000001,601.3240000000001,600.985,602.9590000000001,602.31,601.611,601.43
312.25,1249.0,601.943,601.815,601.485,601.508,602.505,601.192,602.0419999999999,601.643,603.961,602.328,602.002,602.205
312.5,1250.0,602.011,602.227,601.05,601.511,602.568,601.067,600.928,601.385,604.052,602.472,602.837,601.986
312.75,1251.0,602.141,602.203,601.376,601.832,602.587,601.299,601.109,601.038,603.691,602.132,602.3009999999999,602.172
313.0,1252.0,601.9580000000001,602.193,600.945,601.707,602.357,600.738,601.805,601.561,603.597,602.0419999999999,601.836,601.784
313.25,1253.0,602.425,601.88,601.4680000000001,602.191,602.715,601.347,601.861,601.877,603.168,601.7080000000001,601.714,602.372
313.5,1254.0,602.319,602.526,601.6709999999999,601.362,603.373,601.193,601.1419999999999,601.742,603.658,602.396,602.235,601.919
313.75,1255.0,602.071,601.993,601.59,601.206,602.68,600.564,601.0740000000001,602.7180000000001,603.513,601.793,602.619,601.746
314.0,1256.0,601.9119999999999,601.396,601.595,601.643,602.555,601.385,602.136,601.52,602.521,602.186,601.724,601.911
314.25,1257.0,602.419,602.131,601.276,601.977,602.953,601.368,601.467,601.74,602.804,601.985,602.331,602.06
314.5,1258.0,602.089,601.8380000000001,601.479,601.4159999999999,602.5930000000001,601.355,601.633,600.659,603.219,602.038,602.005,602.0790000000001
314.75,1259.0,602.0419999999999,601.9209999999999,601.577,601.694,602.823,600.95,602.09,601.186,603.021,601.96,602.078,601.854
315.0,1260.0,602.515,602.456,601.457,602.781,602.531,601.159,601.7819999999999,601.621,603.6469999999999,602.456,602.169,602.075
315.25,1261.0,601.294,602.0409999999999,602.691,601.253,602.009,601.219,602.691,601.629,602.845,601.903,601.196,602.2819999999999
315.5,1262.0,601.497,602.128,601.581,601.977,602.808,600.7769999999999,602.114,601.545,602.679,601.932,601.621,601.637
315.75,1263.0,601.955,602.191,601.144,601.567,602.389,601.509,602.55,601.346,602.826,601.679,601.526,601.4590000000001
316.0,1264.0,602.237,602.06,602.087,601.653,602.465,600.89,601.809,601.5169999999999,602.678,600.985,602.4680000000001,601.5830000000001
316.25,1265.0,602.754,602.127,602.376,601.197,602.067,600.8969999999999,601.318,601.549,602.886,601.696,601.615,602.427
316.5,1266.0,601.618,601.566,602.038,602.138,602.06,601.36,601.644,601.118,602.739,602.0269999999999,601.391,602.033
316.75,1267.0,601.822,601.8380000000001,601.8240000000001,601.9490000000001,602.13,601.067,602.127,601.697,602.98,601.039,600.997,601.216
317.0,1268.0,601.482,603.106,601.53,601.69,602.245,601.205,600.8480000000001,601.76,603.64,601.317,602.283,601.651
317.25,1269.0,602.007,601.802,601.67,601.864,602.7919999999999,601.618,601.565,600.997,602.816,601.698,602.0459999999999,601.831
317.5,1270.0,601.9540000000001,601.385,600.867,601.619,602.179,601.072,601.821,601.45,602.096,601.698,602.055,601.558
317.75,1271.0,602.4580000000001,602.164,601.193,601.462,602.4119999999999,601.585,602.235,601.857,602.6659999999999,601.769,602.271,602.125
318.0,1272.0,601.5419999999999,601.785,601.389,602.163,602.073,600.996,602.26,601.451,603.115,602.0419999999999,601.361,601.724
318.25,1273.0,601.65,602.256,601.189,602.128,601.565,600.737,602.029,601.545,602.678,600.836,601.688,601.607
318.5,1274.0,601.28,601.75,601.804,600.835,601.89,601.3430000000001,601.962,601.765,603.056,602.306,601.526,601.613
318.75,1275.0,602.2669999999999,601.816,601.615,601.4590000000001,602.354,601.252,602.091,602.063,602.436,601.764,601.9159999999999,601.399
319.0,1276.0,601.617,601.587,601.441,601.491,601.909,601.215,601.627,601.559,603.23,601.88,,601.552
319.25,1277.0,601.477,602.049,601.788,603.539,601.92,601.0840000000001,601.776,601.26,602.994,601.889,,601.794
319.5,1278.0,601.806,602.21,601.177,601.4540000000001,602.452,601.817,602.06,601.352,602.871,601.586,,601.53
319.75,1279.0,601.938,602.061,600.944,601.698,602.354,600.7090000000001,602.373,600.891,602.69,601.919,,601.731
320.0,1280.0,601.67,602.368,601.42,601.6080000000001,602.0740000000001,601.697,601.611,601.545,602.475,601.538,,602.321
320.25,1281.0,601.846,601.156,601.293,601.677,602.507,601.3330000000001,601.754,603.1,602.816,601.109,,601.778
320.5,1282.0,602.034,601.016,601.4169999999999,601.715,601.977,601.565,600.903,601.681,602.039,601.045,,601.524
320.75,1283.0,601.566,602.099,601.5740000000001,601.4169999999999,601.898,601.865,601.57,601.62,601.999,602.307,,601.901
321.0,1284.0,601.868,600.986,600.951,602.179,601.955,601.015,601.5509999999999,601.5740000000001,602.979,601.746,,601.2040000000001
321.25,1285.0,602.232,601.7330000000001,601.26,601.425,601.62,601.0509999999999,601.607,601.438,602.274,601.762,,601.757
321.5,1286.0,601.575,601.756,601.556,601.752,601.625,600.88,602.0840000000001,602.1080000000001,601.942,601.365,,601.501
321.75,1287.0,601.3340000000001,601.9780000000001,601.935,601.614,602.269,600.96,602.161,601.394,603.006,602.566,,601.731
322.0,1288.0,601.821,601.502,601.672,601.345,602.552,601.686,601.827,601.427,602.038,602.251,,601.808
322.25,1289.0,602.351,602.571,601.616,600.659,601.993,601.354,601.105,601.023,601.85,602.694,,601.8330000000001
322.5,1290.0,601.582,601.753,600.908,601.286,601.8969999999999,601.566,602.36,601.632,602.278,602.599,,601.095
322.75,1291.0,601.431,601.559,600.9019999999999,601.697,601.831,602.081,601.996,601.437,603.008,602.622,,601.231
323.0,1292.0,601.484,601.9590000000001,601.009,601.386,601.813,600.448,601.114,601.7330000000001,601.924,601.956,,601.641
323.25,1293.0,601.625,601.26,601.788,601.307,602.044,601.4169999999999,601.435,601.476,601.741,602.073,,601.526
323.5,1294.0,601.257,602.072,601.184,601.365,601.5409999999999,601.299,601.453,601.445,601.862,601.6030000000001,,601.271
323.75,1295.0,601.947,602.028,601.487,601.154,602.316,601.6030000000001,601.797,602.116,602.8480000000001,602.102,,601.798
324.0,1296.0,601.918,601.391,602.253,601.814,605.184,601.172,601.9730000000001,601.673,602.244,601.899,,601.749
324.25,1297.0,601.405,601.431,601.47,601.2959999999999,602.37,601.9159999999999,601.355,601.065,602.521,602.868,,602.124
324.5,1298.0,602.428,602.071,601.53,601.832,602.109,601.648,602.442,601.1569999999999,602.775,602.632,,600.961
324.75,1299.0,601.632,602.18,601.425,601.4830000000001,601.738,601.6659999999999,601.914,601.437,602.355,602.374,,602.016
325.0,1300.0,601.445,601.977,601.063,601.9630000000001,602.8580000000001,601.768,602.003,601.738,602.29,603.024,,601.865
325.25,1301.0,601.413,601.374,601.401,601.8430000000001,601.721,602.077,602.0169999999999,601.8240000000001,603.111,602.872,,601.558
325.5,1302.0,602.2869999999999,601.7280000000001,601.847,601.548,601.243,601.373,600.844,601.248,602.99,602.453,,601.661
325.75,1303.0,601.039,601.661,601.623,601.776,601.56,600.886,600.809,600.985,602.993,602.0740000000001,,601.039
326.0,1304.0,601.932,602.2040000000001,601.247,602.29,601.784,601.957,600.956,602.102,602.609,603.202,,601.286
326.25,1305.0,601.686,601.922,600.908,601.4780000000001,601.51,601.952,601.658,601.6659999999999,602.388,602.691,,601.305
326.5,1306.0,601.936,601.889,601.3,601.748,601.991,601.075,601.309,602.062,602.273,602.813,,601.281
326.75,1307.0,601.586,601.386,600.891,601.7040000000001,600.94,601.425,601.8380000000001,601.844,602.867,602.398,,601.602
327.0,1308.0,601.581,601.376,601.344,601.798,602.197,601.9680000000001,601.373,601.207,602.531,602.785,,600.991
327.25,1309.0,601.944,601.7080000000001,601.175,601.578,601.804,601.753,601.513,601.665,602.415,602.827,,601.894
327.5,1310.0,601.1659999999999,601.878,601.066,601.003,602.29,602.078,601.047,601.908,602.107,602.763,,600.96
327.75,1311.0,601.545,602.066,601.064,602.0980000000001,602.224,602.078,601.688,601.315,603.06,602.549,,602.1569999999999
328.0,1312.0,601.743,601.793,600.705,601.903,601.121,602.217,600.832,601.405,602.21,602.462,,601.0409999999999
328.25,1313.0,601.6709999999999,601.872,601.2280000000001,601.763,602.319,601.123,601.896,602.128,602.914,602.435,,601.451
328.5,1314.0,601.435,602.168,600.864,601.258,601.975,601.54,601.293,601.3480000000001,602.885,602.326,,601.564
328.75,1315.0,601.484,601.507,601.485,601.02,601.734,601.825,601.611,600.816,602.721,602.405,,601.9490000000001
329.0,1316.0,601.126,602.243,600.872,601.693,601.639,601.137,600.938,601.6619999999999,603.019,602.811,,601.759
329.25,1317.0,601.757,601.793,601.0169999999999,601.6709999999999,602.434,601.352,601.086,601.398,602.547,602.992,,601.475
329.5,1318.0,601.802,602.08,600.763,601.048,601.615,601.2719999999999,601.882,601.023,602.944,603.434,,601.345
329.75,1319.0,601.751,601.578,601.025,601.518,602.1519999999999,601.165,601.741,601.717,603.547,602.569,,601.181
330.0,1320.0,602.139,601.8380000000001,601.091,601.3919999999999,602.056,600.972,600.6030000000001,601.091,603.419,602.491,,602.237
330.25,1321.0,601.625,602.471,600.628,601.3240000000001,602.393,601.818,601.947,601.326,601.8430000000001,602.737,,602.4540000000001
330.5,1322.0,601.182,601.629,600.905,601.196,602.4580000000001,600.9259999999999,601.275,601.809,602.507,602.567,,601.554
330.75,1323.0,601.1519999999999,601.283,601.328,601.311,601.911,601.615,601.3290000000001,601.192,602.786,603.057,,601.3580000000001
331.0,1324.0,601.766,601.052,600.991,601.382,602.405,601.22,601.77,602.313,603.481,602.613,,602.007
331.25,1325.0,601.31,601.783,602.021,601.445,602.136,600.938,600.756,601.53,602.702,602.474,,601.493
331.5,1326.0,602.0169999999999,602.0419999999999,601.235,601.474,601.839,601.57,601.3290000000001,601.578,603.236,601.6,,602.206
331.75,1327.0,600.943,601.876,601.36,601.503,602.725,601.091,601.9,601.854,603.281,602.423,,602.665
332.0,1328.0,602.219,602.429,601.177,601.452,602.337,602.0319999999999,601.5319999999999,600.875,602.377,602.891,,601.433
332.25,1329.0,601.904,600.813,601.28,601.2769999999999,602.252,601.487,601.2909999999999,600.581,603.063,602.604,,602.212
332.5,1330.0,602.697,601.216,601.841,600.783,602.378,601.7040000000001,601.378,601.836,603.895,602.569,,602.33
332.75,1331.0,602.39,600.908,601.1080000000001,602.021,602.621,600.913,600.852,601.557,603.15,602.874,,601.278
333.0,1332.0,602.0740000000001,601.905,601.6619999999999,601.6519999999999,601.7040000000001,601.726,602.019,600.976,603.4169999999999,602.128,,601.694
333.25,1333.0,601.17,600.889,601.712,601.654,602.086,601.779,600.753,601.035,603.259,602.128,,602.186
